单词,词构解释,词性1,意思1.1,中英解释1.1,词组1.1.1,例句1.1.1,词组1.1.2,例句1.1.2,词组1.1.3,例句1.1.3,词组1.1.4,例句1.1.4,意思1.2,中英解释1.2,词组1.2.1,例句1.2.1,词组1.2.2,例句1.2.2,词组1.2.3,例句1.2.3,词组1.2.4,例句1.2.4,意思1.3,中英解释1.3,词组1.3.1,例句1.3.1,词组1.3.2,例句1.3.2,词组1.3.3,例句1.3.3,词组1.3.4,例句1.3.4,意思1.4,中英解释1.4,词组1.4.1,例句1.4.1,词组1.4.2,例句1.4.2,词组1.4.3,例句1.4.3,词组1.4.4,例句1.4.4,意思1.5,中英解释1.5,词组1.5.1,例句1.5.1,词组1.5.2,例句1.5.2,词组1.5.3,例句1.5.3,词组1.5.4,例句1.5.4,词性2,意思2.1,中英解释2.1,词组2.1.1,例句2.1.1,词组2.1.2,例句2.1.2,词组2.1.3,例句2.1.3,词组2.1.4,例句2.1.4,意思2.2,中英解释2.2,词组2.2.1,例句2.2.1,词组2.2.2,例句2.2.2,词组2.2.3,例句2.2.3,词组2.2.4,例句2.2.4,意思2.3,中英解释2.3,词组2.3.1,例句2.3.1,词组2.3.2,例句2.3.2,词组2.3.3,例句2.3.3,词组2.3.4,例句2.3.4,意思2.4,中英解释2.4,词组2.4.1,例句2.4.1,词组2.4.2,例句2.4.2,词组2.4.3,例句2.4.3,词组2.4.4,例句2.4.4,意思2.5,中英解释2.5,词组2.5.1,例句2.5.1,词组2.5.2,例句2.5.2,词组2.5.3,例句2.5.3,词组2.5.4,例句2.5.4,词性3,意思3.1,中英解释3.1,词组3.1.1,例句3.1.1,词组3.1.2,例句3.1.2,词组3.1.3,例句3.1.3,词组3.1.4,例句3.1.4,意思3.2,中英解释3.2,词组3.2.1,例句3.2.1,词组3.2.2,例句3.2.2,词组3.2.3,例句3.2.3,词组3.2.4,例句3.2.4,意思3.3,中英解释3.3,词组3.3.1,例句3.3.1,词组3.3.2,例句3.3.2,词组3.3.3,例句3.3.3,词组3.3.4,例句3.3.4,意思3.4,中英解释3.4,词组3.4.1,例句3.4.1,词组3.4.2,例句3.4.2,词组3.4.3,例句3.4.3,词组3.4.4,例句3.4.4,意思3.5,中英解释3.5,词组3.5.1,例句3.5.1,词组3.5.2,例句3.5.2,词组3.5.3,例句3.5.3,词组3.5.4,例句3.5.4,词型变化,单词比较,共性,差异
calm,,adj,( 天气、海洋等 ) 平静的:,,,The weather was fine and the lake was calm. 天气很好，湖面很平静。,,,,,,,（人）镇静的；沉着的    ,,, Keep calm and be prepared. 保持冷静，做好准备。    ,,,,,,,,,,,,,,,,,,,,,,,,,,,,,,,,,,,,,vt & vi  ,( 使 ) 平静; 平静下来:  ,,,"The deep, gentle voice helped calm the nervous girl. 那低沉而又温柔的声音使紧张的女孩平静了下来。  ",calm down ( 使 ) 平静下来; ( 使 ) 镇静下来:,"I placed the chick in the nest, and it quickly calmed down. 我把小鸟放到巢里，它很快平静了下来。； When he gets upset, he will take a few deep breaths to calm himself down. 心烦时，他会深吸几口气以使自己平静下来。 ",,,,,,,,,,,,,,,,,,,,,,,,,,,,,,,,,,,,,,,,,,,,, n,[Cl & [U] 平静; 镇静:,,,After a storm comes a calm. 暴风雨之后是平静。,,,,,,,,,,,,,,,,,,,,,,,,,,,,,,,,,,,,,,,,,,,,,,,,"            quiet, calm, still, silent",四者均可用作形容词，均含有‘静’的意思  ,"                                          quiet 意为“安静的” “轻声的”, 侧重 “不吵”   (not noisy) ,  指可以发出小的声响；也可形容地方或环境“僻静的”“舟静的""; 指人时, 表示 ‘文静的’‘少语寡言的’, 同 silent.  We'll have to be quiet so as not to wake the baby,我们得安静点，以免吵醒孩子。   They lead a quiet life. 他们过着平静的生活。   She is a very quiet / silent girl. 她是个很文静的女孩  calm 指天气时意为“无风的”, 同 still;  指海洋时意为 “风平浪静的”; 指人时, 侧重‘不慌’（not nervous）意为“镇静的“冷静的”。  After the high wind passed, the sea was calm again. 大风过后，大海又恢复了平静   You must try to be/stay / remain / keep calm i in an emergency. 情况紧急时，你必须尽量保持冷静。  still 侧重“不动”(not moving) , 表示“不动的” “静止的”, 多指无声无息、没有动作, 不能用来表示心理上的平静。   still water 死水  Please keep still while I take your photograph. 我给你拍照时请不要动   a hot still day 炎热无凤的一天  silent 侧重“没有声音”“不语”(no sound) ; 也可指人少语寡言, 同 quiet.   The house was silent because everyone was asleep. 所有的人都睡着了 ，房子里很安静。  "
calmly,,adv,平静地; 镇静地,,,,,,,,,,,,,,,,,,,,,,,,,,,,,,,,,,,,,,,,,,,,,,,,,,,,,,,,,,,,,,,,,,,,,,,,,,,,,,,,,,,,,,,,,,,,,,,,,,,,,,,,,,,,,,,,,,,,,,,,,,,,,,,,,,,,,,,,,,,,,,,,,,,,,,,,,,,
description,,n,[C] & [U] 描写; 描述；形容；叙述,,, He gave us a brief description of the accident. 他向我们简单地描述了那起事故的经过。,beyond description 难以描述; 难以形容:,"The grand sight of Mount Huangshan is beyond description. 黄山的壮丽美景难以形容。
",,,,,,,,,,,,,,,,,,,,,,,,,,,,,,,,,,,,,,,,,,,,,,,,,,,,,,,,,,,,,,,,,,,,,,,,,,,,,,,,,,,,,,,,,,,,,,,,,,,,,,,,,,,,,,,,,,,,,,,,,,,,,,,,,,,,,,,,,,,,,,,,,,,,,,
confident , con-（表强调）+fid（to trust）+-ent（形容词后缀）,adj ,有信心的; 自信的:,,a confident smile 自信的微笑,,,,,,,, [不用于名词前 ] 确信的; 有把握的:,,(be) confident about sth:,I feel confident about the interview. 我对面试很有把握。；We should not mind what others say so long as we are confident about what we have done. 只要我们对自己所做的事有信心 ，就不该在意别人说什么。 ,(be) confident of (doing) sth: ,We are confident of our success. 我们对成功坚信不疑,(be) confident + that 从句:   ,We are confident that the environment will be improved by our further efforts. 我们相信，通过我们进一步的努力环境将会得到改善。,,,,,,,,,,,,,,,,,,,,,,,,,,,,,,,,,,,,,,,,,,,,,,,,,,,,,,,,,,,,,,,,,,,,,,,,,,,,,,,,,,,,,,,,,,,,,,,,,,,,,,,,,,,,,,,,,,,,,,,,,,,,,,,,,,,,,,,,,,
confidently,,adv ,自信地; 确信地     ,,,,,,,,,,,,,,,,,,,,,,,,,,,,,,,,,,,,,,,,,,,,,,,,,,,,,,,,,,,,,,,,,,,,,,,,,,,,,,,,,,,,,,,,,,,,,,,,,,,,,,,,,,,,,,,,,,,,,,,,,,,,,,,,,,,,,,,,,,,,,,,,,,,,,,,,,,,
confidence, con-（表强调）+fid（to trust）+-ence（名词后缀）,n,U] 信任;赖, trust or strong belief in sb / sth else: =对别人的‘信任’,have / lose confidence in sb 信任某人/对某人失去信任,,(a) lack of confidence in sb/sth ,,gain / win / earn sb’s confidence 赢得某人的信任,,,,,,,,,,,,,,,,,,,,,,,,[ 正式用语 ] 秘密; 机密 ,因‘信任’某人而透露的事,,,,,,,,,[U] 确信; 把握 ,the feeling that sth will happen or is true: = 对事情的“信任,say / speak with confidence 有把握地说,,,We have full confidence that we shall succeed. 我们完全有把握取得成功。,,,,,,[U] 自信; 信心 ,"the feeling that you’re sure about your own abilities, opinions, etc.:=对自己的‘信任’",lack confidence in onese上对自己缺乏信心,,increase / build up one’s confidence 增强 / 建立自信,,,"I gained so much confidence that I went back to school as a new person. 我获得了极大的自信，回到学校后像换了个人似的。；Naturally, shy people might not have enough confidence to start up conversations with strangers.很自然，害羞的人可能没有足够的自信和陌生人交谈。               ",,,,,,,,,,,,,,,,,,,,,,,,,,,,,,,,,,,,,,,,,,,,,,,,,,,,,,,,,,,,,,,,,,,,,,,,,,,,,,,,,,,,,,,,,,,,,,,,,
poster ,post（张贴）+-er（用于……的物体）,n ,[C] 海报; 招贴画,,,,,,,,,,,,,,,,,,,,,,,,,,,,,,,,,,,,,,,,,,,,,,,,,,,,,,,,,,,,,,,,,,,,,,,,,,,,,,,,,,,,,,,,,,,,,,,,,,,,,,,,,,,,,,,,,,,,,,,,,,,,,,,,,,,,,,,,,,,,,,,,,,,,,,,,,,,
badminton ,,n ,[U] 羽毛球运动;,, play badminton 打羽毛球,,,,,,,,,,,,,,,,,,,,,,,,,,,,,,,,,,,,,,,,,,,,,,,,,,,,,,,,,,,,,,,,,,,,,,,,,,,,,,,,,,,,,,,,,,,,,,,,,,,,,,,,,,,,,,,,,,,,,,,,,,,,,,,,,,,,,,,,,,,,,,,,,,,,,,,,,
drama ,,n, IC] ( 一出 ) 戏; 戏剧性事件  ,,a TV/ costume / family drama 电视/古装/家庭剧       ,,a night of high drama (= very exciting events) 充满戏剧性的夜晚        ,,,,,, [U] 戏剧; 戏剧艺术; 戏剧文学:     ,,a drama school 戏剧学校,,,,,,,,,,,,,,,,,,,,,,,,,,,,,,,,,,,,,,,,,,,,,,,,,,,,,,,,,,,,,,,,,,,,,,,,,,,,,,,,,,,,,,,,,,,,,,,,,,,,,,,,,,,,,,,,,,,,,,,,,,,,,,,,,,,,,,,,,,,,,,,
band ,,n,[C] 带；箍; 条:,,a rubber band 橡皮筋,,broad-band connection 宽带连接,,,,,, 群; 帮；伙,,a band of volunteers 一群志愿者,,,,,,,,乐队,,a jazz / military band 爵士/军乐队,,,,,,,,,,,,,,,,,,,,,,,,,,,,,,,,,,,,,,,,,,,,,,,,,,,,,,,,,,,,,,,,,,,,,,,,,,,,,,,,,,,,,,,,,,,,,,,,,,,,,,,,,,,,,,,,,,,,,,,,,,,,,,,,,,,,,
debate,,vi&vt, (正式 ) 讨论; 辩论,to discuss sth in a formal way or at a public meeting (discuss):,,We debated for  debate (sth) with sb: hour on the advantages and disadvantages of his plan. 关于他的计划的利与弊，我们讨论了一个小时, debate (sth) with sb:,We must debate the problem with the rest of the members. 我们必须和其他成员讨论这个问题。,debate + wh- 从名 / wh- to do:, My friends and I sometimes debate whether or not there is life on other planets. 我和朋友们有时会讨论在其他星球上是否存在生命。,,,反复考虑; 斟酌 ,to think about or discuss sth before deciding what to do:,, This Christmas I was debating what to give my father. 我在考虑这个圣诞节送给父亲什么礼物。,,,,,,,,,,,,,,,,,,,,,,,,,,,,,,,,,,,,,n,[C) & (Ul 讨论;辩论；争论,,the Debate Club 辩论社,,open / close a debate 开始 /终止辩论,,under debate 在讨论/辩论中,,,there is a fierce /heated debate about /on /over the question whether the experiment should be allowed. 在是否进行这个实验的问题上展开了激烈的争论。,,,,,,,,,,,,,,,,,,,,,,,,,,,,,,,,,,,,,,,,,,,,,,,,,,,,,,,,,,,,,,,,,,,,,,,,,,,,,,,,,,,,,,,,,,,,,,,
gym ,,n,[非正式用语]IC) 体育馆; 健身房 (gymnasium),,,,,,,,,,[非正式用语]IU) ( 尤指学校的 ) 室内体育活动:,,,We did an hour of gym. 我们进行了一小时的体育活动。,,,,,,,,,,,,,,,,,,,,,,,,,,,,,,,,,,,,,,,,,,,,,,,,,,,,,,,,,,,,,,,,,,,,,,,,,,,,,,,,,,,,,,,,,,,,,,,,,,,,,,,,,,,,,,,,,,,,,,,,,,,,,,,,,,,,,,,,,,,,,,
gymnastics ,,n, [U] 体操; 体操训练,,,,,,,,,,,,,,,,,,,,,,,,,,,,,,,,,,,,,,,,,,,,,,,,,,,,,,,,,,,,,,,,,,,,,,,,,,,,,,,,,,,,,,,,,,,,,,,,,,,,,,,,,,,,,,,,,,,,,,,,,,,,,,,,,,,,,,,,,,,,,,,,,,,,,,,,,,,
piano,,n ,C] (pl   pianos) 钢琴:,,play the piano 弹钢琴,,,,,,,,,,,,,,,,,,,,,,,,,,,,,,,,,,,,,,,,,,,,,,,,,,,,,,,,,,,,,,,,,,,,,,,,,,,,,,,,,,,,,,,,,,,,,,,,,,,,,,,,,,,,,,,,,,,,,,,,,,,,,,,,,,,,,,,,,,,,,,,,,,,,,,,,,
 pianist ,piano+-ist（……专家）,n,[C] 钢琴家;钢琴演奏家,,,,,,,,,,,,,,,,,,,,,,,,,,,,,,,,,,,,,,,,,,,,,,,,,,,,,,,,,,,,,,,,,,,,,,,,,,,,,,,,,,,,,,,,,,,,,,,,,,,,,,,,,,,,,,,,,,,,,,,,,,,,,,,,,,,,,,,,,,,,,,,,,,,,,,,,,,,
stage ,,n,[C]  舞台:,,," When the superstar appeared on stage, all the audience stood up to applaud. 当这位巨星出现在舞台上时，所有的观众都站起来鼓掌。   ",,,,,,,[ 与 the 连用] 戏剧表演:,,,"For him, the stage is just a means of making a living. 对他来说，戏剧表演只是谋生的手段。",,,,,,,时期; 阶段, one part of the progress or development of sth:,at different stages of development 在不同的发展时期,,,Their child is at the stage where she can say individual words but not full sentences. 他们的孩子正处于能说单个词，但还不能说完整句子的阶段。,set the stage for 为……做准备; 使……成为可能:,"While high school does not generally encourage students to explore new aspects of life, college sets the stage for that exploration. 尽管中学通常不鼓励学生对人生的各个方面进行探索, 但是大学却要为这一探索做准备。",,,,,,,,,,,,,,,,,,,,,,,vf ,上演; 举办; 组织; 筹划,,,,,,,,,,,,,,,,,,,,,,,,,,,,,,,,,,,,,,,,,,,,,,,,,,,,,,,,,,,,,,,,,,,,,,,,,,,,,,,,,,,,,,,,,,,,,,,,,,,,,,,,
photography ,photo- (摄影的) + -graphy (图像制作技术),n,[U] 摄影; 摄影术 ,,,,,,,,,,,,,,,,,,,,,,,,,,,,,,,,,,,,,,,,,,,,,,,,,,,,,,,,,,,,,,,,,,,,,,,,,,,,,,,,,,,,,,,,,,,,,,,,,,,,,,,,,,,,,,,,,,,,,,,,,,,,,,,,,,,,,,,,,,,,,,,,,,,,,,,,,,,
photographic ,,adj ,摄影的; 照片的; 详细准确的,,,,,,,,,,,,,,,,,,,,,,,,,,,,,,,,,,,,,,,,,,,,,,,,,,,,,,,,,,,,,,,,,,,,,,,,,,,,,,,,,,,,,,,,,,,,,,,,,,,,,,,,,,,,,,,,,,,,,,,,,,,,,,,,,,,,,,,,,,,,,,,,,,,,,,,,,,,
inner ,[反outer|,adj ,内心的:,,an inner room 内室,,the inner feelings 内心的感情,,,,,,,,,,,,,,,,,,,,,,,,,,,,,,,,,,,,,,,,,,,,,,,,,,,,,,,,,,,,,,,,,,,,,,,,,,,,,,,,,,,,,,,,,,,,,,,,,,,,,,,,,,,,,,,,,,,,,,,,,,,,,,,,,,,,,,,,,,,,,,,,,,,,,,,
pm / p.m. / P.M.  ,,,[用于表示时间的数字后 ] 午后; 下午,,,,,,,,,,,,,,,,,,,,,,,,,,,,,,,,,,,,,,,,,,,,,,,,,,,,,,,,,,,,,,,,,,,,,,,,,,,,,,,,,,,,,,,,,,,,,,,,,,,,,,,,,,,,,,,,,,,,,,,,,,,,,,,,,,,,,,,,,,,,,,,,,,,,,,,,,,,
argue  ,,vi ,争论；争辩； 争吵:,,argue (with sb) (about / over sth):,Do you ever argue with your family about which TV programme to watch? 你曾为看哪个电视节目和家人争论过吗?,,Gun control is a subject about which Americans have argued for a long time. 枪支管控是美国人争论已久的话题。  ,,,,,,,,,,,,,,,,,,,,,,,,,,,,,,,,,,,,,,,,,,,,,vi & vt,论证,to give reasons that support your opinion about sth:,,The author argued for / against free university education. 作者给出理由主张/反对免费大学教育。     ,,It has been argued by some that gifted children should be grouped in special classes. 有些人论证说有天赋的孩子应该被分在专门的班级里。 ,,,,,,,,,,,,,,,,,,,,,,,,,,,,,,,,,,,,,,,,,,,,,,,,,,,,,,,,,,,,,,,,,,,,,,,,,,,,,,,,,,,,,,,,,,,,,,,,,,,
argument , argue +-ment (名词后缀), n ,[C] & [U] 争吵; 争论; 辩论:,,have an argument (with sb) (about / over sth) (就某事) (与某人) 发送争论/争吵,I got into a heated argument with a friend. 我与一个朋友发生了激烈的争吵。,,"Settle the question by argument, not by fight. 解决这个问题要靠说理，而不是靠打架。",,,,,IC) 论据; 理由; 论点:,,,This paragraph gives the arguments against cars. 此段给出了反对使用汽车的理由。,,We all found his argument convincing and interesting. 我们都觉得他的观点既有说服力又有意思。,,,,,,,,,,,,,,,,,,,,,,,,,,,,,,,,,,,,,,,,,,,,,,,,,,,,,,,,,,,,,,,,,,,,,,,,,,,,,,,,,,,,,,,,,,,,,,,,,,,,,,,,,,,,,,,,,,,,,,,,,,,,,,,,,,,,,,,,,,,,
topic,, n ,[C] 话题; 论题; 题目:,,a hot/ sensitive topic 热门/敏感话题,,,Be sure to stay on topic and not offer irrelevant information. 一定要切题，不要提供不相关的信息。 ,,,,,,,,,,,,,,,,,,,,,,,,,,,,,,,,,,,,,,,,,,,,,,,,,,,,,,,,,,,,,,,,,,,,,,,,,,,,,,,,,,,,,,,,,,,,,,,,,,,,,,,,,,,,,,,,,,,,,,,,,,,,,,,,,,,,,,,,,,,,,,,,,,,,,,
sharp ,,adj,锋利的；尖的,刀具等’尖的‘,sharp teeth 锋利的牙齿,,,,,,,, (感官 ) 敏锐的; (人) 机灵的； 反dull/stupid ,感官或头脑’尖的‘ ,,Argue about the Weeks hottest topics with the school’s sharpest minds! 和学校里最聪明的人讨论本周最热门的话题!,,She has sharp eyes. 她目光敏锐。,,,,, ( 言辞等 ) 尖刻的; 严厉的 ,(of a person or what they say) critical or severe；言语’尖的‘,be sharp with sb 对某人严厉,,,She has a sharp tongue. 她说话很刻薄。,,,,, ( 角度、变化等 ) 急剧的,"sudden and rapid, especially of a change: =角度.变化等’尖的‘",a sharp bend 急转弯,, a sharp drop / increase in prices 价格急剧下跌/ 上涨,,,,,, 剧烈的; 猛烈的,感觉或感情上’尖的‘,, I felt a sharp pain in my back. 我感到背上一阵剧痛。,,,,,,,,尖厉的; 刺耳的, 声音“尖的’,,Through all the noise came a sharp warning cry. 噶杂中传来一声尖锐的警告声。,,,,,,,,,,,,,,,,,,,,,,,,,,,,,,,,,,,,,,,,,,,,,,,adv ,( 指时刻 ) 整:,,2 o'clock sharp 两点整,,,,,,,,,,,,,,,,,,,,,,,,,,,,,,,,,,,,,,,,,,,,,,,,,,,
sharply,,adv,急剧地; 严厉地:,,,House prices have risen sharply over the last decade. 过去十年里房价急剧上涨。, speak sharply to sb 斥责某人,,,,,,,,,,,,,,,,,,,,,,,,,,,,,,,,,,,,,,,,,,,,,,,,,,,,,,,,,,,,,,,,,,,,,,,,,,,,,,,,,,,,,,,,,,,,,,,,,,,,,,,,,,,,,,,,,,,,,,,,,,,,,,,,,,,,,,,,,,,,,,,,,,,,,,,
dinosaur ,,n,[C] 恐龙,,,,,,,,,,,,,,,,,,,,,,,,,,,,,,,,,,,,,,,,,,,,,,,,,,,,,,,,,,,,,,,,,,,,,,,,,,,,,,,,,,,,,,,,,,,,,,,,,,,,,,,,,,,,,,,,,,,,,,,,,,,,,,,,,,,,,,,,,,,,,,,,,,,,,,,,,,,
dolphin ,,n,(C] 海豚,,,,,,,,,,,,,,,,,,,,,,,,,,,,,,,,,,,,,,,,,,,,,,,,,,,,,,,,,,,,,,,,,,,,,,,,,,,,,,,,,,,,,,,,,,,,,,,,,,,,,,,,,,,,,,,,,,,,,,,,,,,,,,,,,,,,,,,,,,,,,,,,,,,,,,,,,,,
intelligent ,,adj, 有才智的，有智力的; 智能的:,,intelligent students / questions / beings 聪明的学生 / 机智的问题 / 有智力的生物,,intelligent software / systems 智能软件 / 系统,,,,,,,,,,,,,,,,,,,,,,,,,,,,,,,,,,,,,,,,,,,,,,,,,,,,,,,,,,,,,,,,,,,,,,,,,,,,,,,,,,,,,,,,,,,,,,,,,,,,,,,,,,,,,,,,,,,,,,,,,,,,,,,,,,,,,,,,,,,,,,,,,,,,,,,
 intelligence ,,n,[U] 才智; 智力; 聪明; 情报:,,[U] 才智; 智力; 聪明; 情报:,,artificial intelligence (Al) 人工智能,,,"While your IQ (intelligence quotient) tells you how intelligent you are, your EQ (emotional  quotient) tells you how well you use your intelligence. 智商表明你到底有多聪明，而情商表明你如何善用智慧。     ",,,,,,,,,,,,,,,,,,,,,,,,,,,,,,,,,,,,,,,,,,,,,,,,,,,,,,,,,,,,,,,,,,,,,,,,,,,,,,,,,,,,,,,,,,,,,,,,,,,,,,,,,,,,,,,,,,,,,,,,,,,,,,,,,,,,,,,,,,,,,,,,,,,,
investigate ,,vt& vi,调查; 侦查; 调查研究:,,,You'll have to stay here until we investigate this affair. 在我们调查清楚这件事之前，你必须待在这儿,,Tu Youyou and her team used modern research methods to investigate the Chinese herbs one by one.屠呦呦和她的团队采用现代的研究方法对这些中草药逐一进行研究。,,,,,,,,,,,,,,,,,,,,,,,,,,,,,,,,,,,,,,,,,,,,,,,,,,,,,,,,,,,,,,,,,,,,,,,,,,,,,,,,,,,,,,,,,,,,,,,,,,,,,,,,,,,,,,,,,,,,,,,,,,,,,,,,,,,,,,,,,,,,,,,,,,,,,,
various ,,adj,不同的; 各种各样的,(diverse / different),various kinds of theme parks 各种各样的主题公园,,,She decided to move to the countryside for various reasons. 出于种种原因她决定搬到乡下去。,,,,,,,,,,,,,,,,,,,,,,,,,,,,,,,,,,,,,,,,,,,,,,,,,,,,,,,,,,,,,,,,,,,,,,,,,,,,,,,,,,,,,,,,,,,,,,,,,,,,,,,,,,,,,,,,,,,,,,,,,,,,,,,,,,,,,,,,,,,,,,,,,,,,,,
 variously ,,adv,不同地; 各种各样地,,,,,,,,,,,,,,,,,,,,,,,,,,,,,,,,,,,,,,,,,,,,,,,,,,,,,,,,,,,,,,,,,,,,,,,,,,,,,,,,,,,,,,,,,,,,,,,,,,,,,,,,,,,,,,,,,,,,,,,,,,,,,,,,,,,,,,,,,,,,,,,,,,,,,,,,,,,
volunteer ,,n, [C] 志愿者; 自愿参加者:,,,Schools need volunteers to teach children to read. 学校需要教孩子阅读的志愿者。,,Are there any volunteers to help clean the blackboard? 有人自愿帮忙擦黑板吗?,,,,,,,,,,,,,,,,,,,,,,,,,,,,,,,,,,,,,,,,,,,,,vt&vi,自愿/无偿 ( 做某事 ) ; 主动说:,,,She has been volunteering her time and talents to the work for more than 40 years. 四十多年来她一直自愿将时间和才能倾注在这项工作上。  ,,The couple who live next to us volunteered to help after the volcano erupted. 火山爆发后，住在我们隔壁的夫妻自愿来帮忙。   ,,"If nobody else volunteers, then I will do it.   如果没有别人愿意做的话，那就我来做吧",,,,,,,,,,,,,,,,,,,,,,,,,,,,,,,,,,,,,,,,,,,,,,,,,,,,,,,,,,,,,,,,,,,,,,,,,,,,,,,,,,,,,,,,,,,,,,,,,
voluntary ,volunt + -ary (形容词后缀),adj, 志愿的; 自愿的,,do voluntary work 做志愿工作,,a voluntary worker 志愿者,,,Attendance on the course is purely voluntary. 听这门课纯属自愿。,,,,,,,,,,,,,,,,,,,,,,,,,,,,,,,,,,,,,,,,,,,,,,,,,,,,,,,,,,,,,,,,,,,,,,,,,,,,,,,,,,,,,,,,,,,,,,,,,,,,,,,,,,,,,,,,,,,,,,,,,,,,,,,,,,,,,,,,,,,,,,,,,,,,
gain ,,vt ,(使 ) 获得; 赢得,"to get or win sth, especially sth that is wanted or needed: =‘获得’需要或想要的东西",gain a degree / skills 获得学位/技能,,,Her honesty gained her the trust of her teacher. 她的诚实使地赢得了老师的信任。,gain ground 变得更强大 / 更成功/更有效; 逼近,,,,增加,to gradually get more of sth [反lose]: = 逐渐“获得′ 体重、信心等   ,,i have gained a lot of weight recently. 我的体重最近增加了许多。,,The young people gradually gain confidence in their abilities. 这些年轻人对自己的能力渐渐有了信心。,,,,,,,,,,,,,,,,,,,,,,,,,,,,,,,,,,,vt&vi,获(益) ,to get an advantage from (doing) sth: =“获得”益处,gain advantages from 从……:获得好处,,, There’s nothing to be gained by losing your temper. 发脾气无济于事。,,We gain from cutting trees but we will suffer much more than we will benefit. 砍伐树木有利可图，但是我们日后为此付出的代价远大于从中得到的好处。,,,(钟、表等走得) 快,[反lose]:  =“获得”时间,,My watch gains (by) several minutes a day. 我的表一天快几分钟。,,,,,,,,,,,,,,,,,,,,,,,,,,,,,,,,,,,,,n,[C] 好处; 利益; [U] 利润:,   ,,These policies have resulted in great gains in public health .这些政策使公共卫生得到极大改善。,,Such research should not be for personal gain. 这种研究不应该是为了个人利益。,,,,, IC] & [U] 增加 ,[反loss],a gain in earnings 收入的增加,,,"Regular exercise is the best way of preventing weight gain, 经常锻炼是防止体重增加的最佳方法。",,,,,,,,,,,,,,,,,,,,,,,,,,,,,,,,,,,,,,
apply ,,vt, 涂；敷   将乳液等,‘用’于皮肤,,Apply the cream evenly to your face and neck. 将乳霜均匀地涂抹于面部和颈部。,,,,,,,手压; 脚踩:,手脚等“用”于某物上,apply the brakes 踩刹车,,,He slowed the bleeding by applying pressure to the wound. 他按住伤口以减缓流血。,,,,,努力; 使专注于,将精力等“用”于某事,,"Recently, he has applied himself to his studies. 近来，他专心学习。",,,,,,,使用; 运用; 应用,to use sth or make sth work in a particular situation: =将抽象事物等‘用’于某领域,,We had to write a paper on how we plan to apply what we would learn in class to our future professions and to our lives. 我们必须写一篇论文，论述我们计划如何将我们课堂上所学到的(知识 ) 运用到将来的工作和生活中去,,The new technology was applied to farming. 这项新技术被应用于农业。,,,,,,,,,,,,,,,vi, 申请," to make a formal request, usually in writing: = 将才能等“用”于工作、任务等",apply for sth:；apply for a job / passport / visa 申请工作/护照/签证 ,I am writing to apply for the post of volunteer for our school English association. 我写信申请我们学校英语协会志愿者这个职位。,"apply to sb / sth (for sth):                              
     ", After-school activities also play a part when students apply to college. 学生申请大学时，课外活动也起到了一定的作用。                               ,apply to do sth:,He applied to study composition with the well-known musician. 他申请跟这位著名音乐家学习作曲。,,,,,,,,,,,,,,,,,,,,,,,,,,,,,,,,,,,,,,,,,,,vi & vt,[不用于进行时] ( 对…… ) 适用; (对…… ) 有效,将抽象事物“用”于某人或某情景,,"If the constitution said that all people were free and equal, then she thought it should apply to her. 如果宪法称人人自由且平等，那么她认为这也应适用于自己。  ",,,,,,,,,,,,,,,,,,,,,,,,,,,,,,,,,,,,,,,,,,,,,,,,,,
application ,,n, [C] & [U] 申请; 申请书; 申请表:,,a job application 求职申请,,make / submit / put in an application 提交申请,,fill in / out an application (form) 填写申请 (表),,accept / reject sb’s application 接受 / 拒绝某人的申请,,应用；运用; [ 缩略为app ] 应用程序,,make practical application of new technology to teaching 把新技术运用到教学实践中,,,This is a new invention that will have a wide range of applications in industry. 这是一项可在工业上广泛应用的新发明。,,,,,,,,,,,,,,,,,,,,,,,,,,,,,,,,,,,,,,,,,,,,,,,,,,,,,,,,,,,,,,,,,,,,,,,,,,,,,,,,,,,,,,,,,,,,,,,,,,,,,,,,,,,,,,,,,,,,,,,,,,,,,,,,,,,,,,,,,,,,
app ,,n ,[C] [ application的缩写 ] 应用程序,,,,,,,,,,,,,,,,,,,,,,,,,,,,,,,,,,,,,,,,,,,,,,,,,,,,,,,,,,,,,,,,,,,,,,,,,,,,,,,,,,,,,,,,,,,,,,,,,,,,,,,,,,,,,,,,,,,,,,,,,,,,,,,,,,,,,,,,,,,,,,,,,,,,,,,,,,,
schedule,,n,[C] & [U]日程安排时刻表,a plan of things that will happen or of work that must be done(timetable) ;,,Students have to learn to organise their busy schedules. 学生们必须学会安排他们繁忙的日程。,a class / train schedule 课程表/列车时刻表,"The majority of holiday flights depart and arrive on schedule. 大部分假日航班都能按时起降； Thanks to your help, we accomplished the task ahead of schedule. 多亏你们的帮助，我们提前完成了任务。",,,,,,,,,,,,,,,,,,,,,,,,,,,,,,,,,,,,,,,,,,,,,vt ,| 常用于被动语态 ] 安排; 将……列入进度表,to plan that sth will happen at a particular time;,,"As scheduled, we have English Talent Show today. 依照计划，我们今天会有英语才艺表演",schedule sth (for sth):,The summer sale is scheduled for tomorrow.夏季大减价定于明日举行,schedule sb / sth to do sth:,The trip is scheduled to start on December 21 in New York City. 旅程定于 12 月 21 日从纽约市出发。 ,,,,,,,,,,,,,,,,,,,,,,,,,,,,,,,,,,,,,,,,,,,,,,,,,,,,,,,,,,,,,,,,,,,,,,,,,,,,,,,,,,,,,,,,,,,,,,,,,
award,,vt,授予; 给予，判给:,,award sb sth / award sth to sb:,"A Nobel Prize was awarded to Tu Youyou in 2015. 2015 年的一项诺贝尔奖颁给了属哆哆。； They awarded John the first prize. / They awarded the first prize to John. 他们授予约翰一等奖。；The court awarded damages of $5,000 to the injured man. 法庭判给伤者 $ 000 美元的赔偿人金。",,,,,,,,,,,,,,,,,,,,,,,,,,,,,,,,,,,,,,,,,,,,,,,n, [C] 奖; 奖金; 奖品; 奖状:,,win / get / gain / obtain / receive an award 获奖,," an award of $10,000 10 000美元的奖金 ",,“Lifetime Achievement” award 终身成就奖 ；present awards 颁奖,,,The award for this year s best actress went to Emma Stone. 本年度最佳女演员奖的获得者是艾玛. 斯通。,,,,,,,,,,,,,,,,,,,,,,,,,,,,,,,,,,,,,,,,,,,,,,,,,,,,,,,,,,,,,,,,,,,,,,,,,,,,,,,,,,,,,,,,,,,,,,,
predict ,,vt ,预言; 预计 (forecast):,,,predict tomorrow’s weather 预告明天的天气,predict + (that) / wh- 从句:,Population experts predict that most people will live in cities in the near future. 人口专家预言，在不久的将来大多数人都会住在城市里。,,It’s hard to predict when driverless cars will be everywhere on our roads. 很难预料我们的公路上何时才会出现大量的无人驾驶汽车。, it is predicted + that 从句:,It was predicted that inflation would continue to increase. 据预测，通货膨胀率将继续上升。,,,,,,,,,,,,,,,,,,,,,,,,,,,,,,,,,,,,,,,,,,,,,,,,,,,,,,,,,,,,,,,,,,,,,,,,,,,,,,,,,,,,,,,,,,,,,,,,,,,,,,,,,,,,,,,,,,,,,,,,,,,,,,,,,,,,,,,,,,,,,,,,,,
predictable,,adj ,可预见的; 可预料的,,,,,,,,,,,,,,,,,,,,,,,,,,,,,,,,,,,,,,,,,,,,,,,,,,,,,,,,,,,,,,,,,,,,,,,,,,,,,,,,,,,,,,,,,,,,,,,,,,,,,,,,,,,,,,,,,,,,,,,,,,,,,,,,,,,,,,,,,,,,,,,,,,,,,,,,,,,
prediction,, n ,[Cl & [U] 预言；预测,,,It’s difficult to make accurate predictions about the effects on the environment. 很难准确预测对环境产生的影响。                                                   ,,,,,,,,,,,,,,,,,,,,,,,,,,,,,,,,,,,,,,,,,,,,,,,,,,,,,,,,,,,,,,,,,,,,,,,,,,,,,,,,,,,,,,,,,,,,,,,,,,,,,,,,,,,,,,,,,,,,,,,,,,,,,,,,,,,,,,,,,,,,,,,,,,,,,,,,
opportunity ,,n,[C] & [U] 机会; 时机 (chance):,,,Orientation Day is a fantastic opportunity for new students to get to know the school and the other students。迎新日是新生熟悉学校和认识其他同学的好机会,(a) rare / golden / perfect opportunity 难得的/绝佳的/ 理想的机会；take / seize / use / provide / miss an opportunity (to do sth) 把握/抓住/利用/提供/错失(做某事的）机会,May I take this opportunity to thank you for all your hard work.我要借此机会对你们的辛勤工作表示感谢。,,"To learn English well, we should find opportunities to hear English spoken as much as we can. 为了学好英语，我们应该找机会尽量多听英语。   ",,There'll be plenty of opportunity for relaxing / to relax once the work is done. 工作一旦完成，就有很多放松的机会。,,,,,,,,,,,,,,,,,,,,,,,,,,,,,,,,,,,,,,,,,,,,,,,,,,,,,,,,,,,,,,,,,,,,,,,,,,,,,,,,,,,,,,,,,,,,,,,,,,,,,,,,,,,,,,,,,,,,,,,,,,,,,,,,,,,,,,,,,,,,,,,,,,
hint,,n ,[C] 暗示; 提示; 有益的建议 (tip),,,,,,,,,,,,,,,,,,,,,,,,,,,,,,,,,,,,,,,,,,,,,,,,,,,,,,,,,,,,,,,,,,,,,,,,,,,,,,,,,,,,,,,,,,,,,,,,,,,,,,,,,,,,,,,,,,,,,,,,,,,,,,,,,,,,,,,,,,,,,,,,,,,,,,,,,,,
subscribe ,, vi    ,订阅（报纸、杂志等）,,subscribe to Time 订阅《时代》周刊  ,,,,,,,, 定期交纳 (会费); 定期捐款:  ,,subscribe to a charity  向慈善机构定期捐款   ,,,,,,,,认购（股票）,,,,,,,,,,,,subscribe to [ 正式用语 ] 同意; 赞成:,All scientists subscribe to the view that the increase in the Earth’s temperature is due to the burning of fossil fuels. 所有的科学家都赞成这种观点: 地球上气温的升高是由燃烧矿物燃引起的。,,,,,,,,,,,,,,,,,,,,,,,,,,,,,,,,,,,,,,,,,,,,,,,,,,,,,,,,,,,,,,,,,,,,,,,,,,,,,,,,,,,,,,,,,,,,,,,,,,,,,,,,,,,,,,,,,,,,,,,,,,
view,,n, [U ]视野; 视线,看见 ‘的范围                                         i,,There was usually nobody in view except some sheep in the grassland. 在草原上经常看不到一个人，只能看到一些羊。      ,,The lake came into view as we turned the corner. 转过弯，我们就看见那个湖了。,,Sit down — you're blocking my view. 坐下，你挡住我的视线了。,,,[C] 风景；景色,what you can see from a particular place: =’看见‘的事物,,"While climbing the mountain, we enjoyed the warm sunshine and a beautiful view.爬山时，我们沐浴着温暖的阳光，欣赏着美丽的风景。                                                    ",,I’d like a room with a sea view. 我想要一间海景房。  ,,,,,[C] 观点; 看法 ,an opinion or idea about sth (opinion): =‘看’事情的角度  ,,Each person may believe that he is correct and that the other person's view is wrong. 每个人都可能会认为自己是对的，而对方的观点是错的。,,Jill and I have different views on / about the subject. 吉尔和我在这个话题上的观点不同。 ,my world view 我的世界观,"Your view of life is different from mine. 你的人生观跟我的不同。
",,"Can‘t you see things from my point of view? 你就不能从我的角度看待事物吗?    ；In my view, playing computer games is a waste of time. 在我看来，玩电脑游戏就是浪费时间。 ",IC) ( 一次) 观看; 一睹; 一览 , (viewing): > =’看见‘的次数,,"The article posted on 10 July got 1,231 views. 7 月 10 日发布的这篇文章获得了1 231人次的阅读量。",in view of 鉴于; 考虑到:,"In view of the weather, the event will be held indoors. 由于天气的缘故，这项比赛将在室内进行。",on view 在展出; 展览着:,The painting is currently on view at the gallery. 那幅画目前在美术馆展出。,,,,,,,,,,,,,vt ,[正式用语 ] 看; 观看; 观赏:,,,These mountains are a splendid sight when viewed from the valley floor. 从谷底看上去，群山壮丽。,,,,,,,看待 (see):  ,,,"We view film as a type of contemporary art. 我们把电影视作一种当代艺术。                                 术
",,,,,,,,,,,,,,,,,,,,,,,,,,,,,,,,,,,,,,,,,,,,,,,,,,,,,,,,,,,,,,,,,,,,,,,,,,,,,,,,,,,,,,,,,,,
viewer,,n,[C] ( 电视 ) 观众; 观察者; 观看者; 看片器,,,,,,,,,,,,,,,,,,,,,,,,,,,,,,,,,,,,,,,,,,,,,,,,,,,,,,,,,,,,,,,,,,,,,,,,,,,,,,,,,,,,,,,,,,,,,,,,,,,,,,,,,,,,,,,,,,,,,,,,,,,,,,,,,,,,,,,,,,,,,,,,,,,,,,,,,,,
former ,,adj,[只用于名词前 ] 以前的; 从前的; 前任的:,,,He is my former colleague. 他是我以前的同事。,,,,,,, ( 两者中 ) 前面的:   ,,in the former case 在前一种情况下,,,Fish prefer shallow water to deep water because the former is warmer. 鱼喜欢浅水甚于深水，因为前者更暖和。 ,the former ... the latter 前者……后者                                                                          ,,,,,,,,,,,,,,,,,,,,,,,,,,,,,,,,,,,,,,,,,,,,,,,,,,,,,,,,,,,,,,,,,,,,,,,,,,,,,,,,,,,,,,,,,,,,,,,,,,,,,,,,,,,,,,,,,,,,,,,,,,,,,,,,,,,,,,,,,,,
formerly ,,adv,以前; 从前 (previously),,,,,,,,,,,,,,,,,,,,,,,,,,,,,,,,,,,,,,,,,,,,,,,,,,,,,,,,,,,,,,,,,,,,,,,,,,,,,,,,,,,,,,,,,,,,,,,,,,,,,,,,,,,,,,,,,,,,,,,,,,,,,,,,,,,,,,,,,,,,,,,,,,,,,,,,,,,
graduate  , gradu (step 步、级）+ -ate (名词后缀)  ,n ,[C] 学位获得者; 毕业生:    ,,a graduate school 研究生院,,a graduate in medicine / a medicine graduate 医学专业毕业生,He’s a graduate of Harvard. 他是哈佛大学的毕业生。   ,,,,,,,,,,,,,,,,,,,,,,,,,,,,,,,,,,,,,,,,,,,,,vi,获得学位; 毕业:  ,,, Lisa graduated from our school last June and is about to go to college in New York. 莉萨今年六月从我校毕业，即将前往纽约上大学。,,He graduated in physics from Cambridge University他是剑桥大学物理学专业毕业的。,,,,,逐渐升级为:,,,I quickly graduated from typical children’s books to ones with fewer pictures and longer chapters.我很快就从读典型的儿童读物升级为读插图少、章节多的书,,,,,,,,,,,,,,,,,,,,,,,,,,,,,,,,,,,,,vt,使……毕业; 授予……学位:,,,The college graduated 500 students last year. 去年有 500 名学生从这所学院毕业。,,,,,,,,,,,,,,,,,,,,,,,,,,,,,,,,,,,,,,,,,,,,,,,,,,
graduation,graduate + -ion (名词后缀),n ,[U] 毕业:,,a graduation certificate 毕业证书,,," A year after graduation, I was offered a position teaching a writing class. 毕业一年后，我得到了一份教写作的工作。",,,,,[U] & [C] 毕业典礼:,,attend the graduation 出席毕业典礼,,,,,,,,,,,,,,,,,,,,,,,,,,,,,,,,,,,,,,,,,,,,,,,,,,,,,,,,,,,,,,,,,,,,,,,,,,,,,,,,,,,,,,,,,,,,,,,,,,,,,,,,,,,,,,,,,,,,,,,,,,,,,,,,,,,,,,,,,,,,,,,
orientation ,,n ,[U] ( 任职等前的 ) 培训; 训练; 迎新,,Orientation Day 迎新日    ,,,,,,,,,,,,,,,,,,,,,,,,,,,,,,,,,,,,,,,,,,,,,,,,,,,,,,,,,,,,,,,,,,,,,,,,,,,,,,,,,,,,,,,,,,,,,,,,,,,,,,,,,,,,,,,,,,,,,,,,,,,,,,,,,,,,,,,,,,,,,,,,,,,,,,,,,
frightened ,frighten + -ed (形容词,adj ,受惊的; 害怕的 ,afraid; feeling fear;  ,,Frightened children were crying for their mothers. 受到惊吓的孩子们器喊着找妈妈。 ,,Don‘t be frightened. We're not going to hurt you. 别害怕，我们不会伤害你。,be frightened of (doing) sth:,Are you frightened of thunder? 你害怕打雷吗?；,,I'm frightened of walking home alone at midnight. 我害怕深更半夜独自走回家。,,,,,,,,,,,,,,,,,,,,,,,,,,,,,,,,,,,,,,,,,,,,,,,,,,,,,,,,,,,,,,,,,,,,,,,,,,,,,,,,,,,,,,,,,,,,,,,,,,,,,,,,,,,,,,,,,,,,,,,,,,,,,,,,,,,,,,,,,,,,,,,,,,
frightening ,frighten + -ing (形容词后缀),adj ,令人害怕的; 吓人的,,a frightening experience / thought 可怕的经历 | 念头     ,,,Going into hospital can be very frightening for a child. 对孩子来说上医院可能很可怕。,,,,,,,,,,,,,,,,,,,,,,,,,,,,,,,,,,,,,,,,,,,,,,,,,,,,,,,,,,,,,,,,,,,,,,,,,,,,,,,,,,,,,,,,,,,,,,,,,,,,,,,,,,,,,,,,,,,,,,,,,,,,,,,,,,,,,,,,,,,,,,,,,,,,,,
 frighten,fright (惊吓) +  -en (te Make),vt & vi ,(使 ) 惊恐; (使 ) 惊吓(scare):,,,"
Don’t shout or you'll frighten the baby. 别那么大声，你会吓着孩子的。                                     ",,She doesn’t frighten easily. 她不是轻易就能吓到的。,frighten away / off 把……吓跑:,The children’s shouts frightened off the birds. 孩子们的叫喊声把鸟儿吓飞了。, frighten sb to death / frighten the life out of sb 把某人吓得要命:,Spiders frightened her to death. / Spiders frightened the life out of her. 蜘蛛把她吓得要死。,,,,,,,,,,,,,,,,,,,,,,,,,,,,,,,,,,,,,,,,,,,,,,,,,,,,,,,,,,,,,,,,,,,,,,,,,,,,,,,,,,,,,,,,,,,,,,,,,,,,,,,,,,,,,,,,,,,,,,,,,,,,,,,,,,,,,,,,,,,,,,,,,,
sight,,n,[u]看见；瞥见 ,the act of seeing sb/sth  ‘看见’的行为,,Just the sight of the monster made her go all weak. 她一看到那个怪物就两腿发软。,,,,,,,[U] 视力; 视觉:  ‘看见’的能力,,have good / poor sight 视力的好/差,"When Shaw lost his sight, his wife suggested he apply for a guide dog. 肖失明后，他的妻子建议他申请一只导育犬。                                        ",,I glanced around me quickly. There was no one in sight. 我迅速向四周扫了一眼，一个人也没看见。,,She never lets her daughter out of her sight. 地从不让女儿离开她的视线。,,, [C] 看见的事物; 景象；情景,the thing that you can see:  “看见”的事物,,"The practice of hanging flags is a common sight in many Parts of the country on the National Day.
国庆节期间全国各地都悬挂国旗是常见的景象。",,,,,,,[复数 ] 名胜; 景点,"the interesting places, especially in a town or city:   “看见”的名胜古迹",,Overseas visitors are impressed by the beautiful sights of Beijing. 北京美丽的景点给海外游客留下深刻的印象。,at first sight 一见 ( 就 ) ; 乍一看:,,fall in love with sb at first sight 与某人一见钟情,,,"
At first sight, there is nothing special about the watch, but in fact it is a mobile Phone. 乍一看，那块表没什么特别之处，但实际上它是一部手机。",,,at the sight of 一看见……就:,"I was frightened at the sight of the test paper. 我看到试卷的时候好害怕。
",catch sight of 看见; 发现,"Suddenly, I caught sight of my English teacher in the crowd. 突然, 我在人和群中看到了我的英语老师。","come into sight 进入视线; 映入有眼帘:
","As the plane came down through the clouds, green fields and white houses came into sight. 当飞机穿过云层下降时，绿色的田野和白色的房屋映入了眼帘。",lose sight of 看不见; 忽略; 忘记: ,I lost sight of him in the crowd. 他消失在人群中，我看不见他了。,,,,,"His grandfather, a banker, lost all in the 1930s, but did not lose sight of what he valued most. 他的祖父是个银行家，在 20 世纪 30 年代失去了一切，但并未忘记他最看重的东西。",set one’s sights on 以……为奋斗目标: ,The player said that he had set his sights on winning the championship in the coming Olympics. 那位选手说，他的目标是在即将到来的奥运会上夺冠  ,,,,,,,,,,,,,,,,,,,,,,,,,,,,,,,,,,,,,,,,,,,,,,,,,,,,,,,,,,,,,,,,,,,,,,,,,,,,,,,,,,,,,,,,,,,,,,,,,,,
sighting ,,n,[C] 看见/ 目睹 ( 不寻常或短暂出现的事物 ),,,,,,,,,,,,,,,,,,,,,,,,,,,,,,,,,,,,,,,,,,,,,,,,,,,,,,,,,,,,,,,,,,,,,,,,,,,,,,,,,,,,,,,,,,,,,,,,,,,,,,,,,,,,,,,,,,,,,,,,,,,,,,,,,,,,,,,,,,,,,,,,,,,,,,,,,,,
sightseeing ,sight + see + -ing (名词后缀),n,(U] 观光; 游览: ,,go sightseeing 去观光,,,,,,,,,,,,,,,,,,,,,,,,,,,,,,,,,,,,,,,,,,,,,,,,,,,,,,,,,,,,,,,,,,,,,,,,,,,,,,,,,,,,,,,,,,,,,,,,,,,,,,,,,,,,,,,,,,,,,,,,,,,,,,,,,,,,,,,,,,,,,,,,,,,,,,,,,
figure,,n,{C][常用复数 ] 数字; 位数; 算术:    ,数字的’形状‘ ,the latest trade figures 最新的贸易数据                                                                                 ,,have a head for figures 有算术头脑                                                                            ,,,"He got a job, earning close to six figures. 他找到一份工作，收入接近六位数。 ",,,( 尤指女性的 ) 体形/身材/身影:    人的身体“形状“    ,,a tall figure in black   一个黑衣高个子人影   ,Many women want a slim figure these days. 如今，许多女性都想拥有苗条的身材。       ,,,,,,, 人物；人士, a person who is important or famous: —> 人的抽象的’形状‘,a public /a leading / an authority figure 公众/领军/权威人物,,,,,,,,画像；雕塑  雕刻,画出的’形状‘,a bronze figure of a horse 马的铜像,,,,,,,,图表；图形, 几何图形的“形状,,See Figure 1.   见图表1。,,A triangle is a three-sided figure. 三角形是有三条边的几何图形。                                                ,,,,,vi ,是重要部分; 是……的部分, to be an important part of sth: ,,My feeling about the matter didnt seem to figure at all. 我对此事的感受似乎一点儿也不重要。,,My wishes didn t figure among his considerations. 我的愿望不在他的考虑之中。,,,,,,,,,,,,,,,,,,,,,,,,,,,,,,,,,,,,,,,,,,,,,vt , [ 非正式用语 ] 认为; 估计,to think or guess sth:,,Figure the consequences to your life if you lose the job. 想象一下，如果你失去工作会对你的生活有什么影响。,,"From the way he behaved, | figured (that) he was drunk. 从他的举止来看，我认为他喝醉了。       ;",,,,,(AmE) 计算:   ,,,I'm just figuring my expenses. 我在计算我的开销。,figure out ;    弄清楚；弄明白;计算出,I couldn ’t figure out what I had done to annoy my boss. 我不明白自己做了什么让老板生气。,,Have you figured out how much tpetripwillcost2旅行要花多少费用你算出来没有?,,"College is when we should focus on a specific major, but high school is when we have to figure it  i some time to figure    it  out. 在大学时我们需要专注于某一专业，而在中学时我们需要找出这一专业。；",,,,,,,,,,,,,,,,,,,,,,,,,,,,,,,,,,
go all out ,,,全力以赴; 竭尽全力:,,,We're going all out for victory in this dfiernoons game. 我们将在今天下午的比赛中全力以赴，争取获胜。,,,,,,,,,,,,,,,,,,,,,,,,,,,,,,,,,,,,,,,,,,,,,,,,,,,,,,,,,,,,,,,,,,,,,,,,,,,,,,,,,,,,,,,,,,,,,,,,,,,,,,,,,,,,,,,,,,,,,,,,,,,,,,,,,,,,,,,,,,,,,,,,,,,,,,,,
select ,se-（apart 分开）+lect（to collect 收集）,vt , (经过认真思考而 ) 挑选，精选 ," to choose sb / sth, usually carefully, from a number of similar things:   ",,He selected a mobile phone for personal use. 他挑了一部手机自用。, select sb / sth for sth:,"As a member of the school volleyball team, I wasn t selected for the end-of-year competition. 我是学校排球队的一员，可年终赛却没有选我参加。",select sb / sth as sth:,"In 2019, Tu Youyou was selected by the BBC as one of the most influential figures of science in the 20th century. 2019 年，属哟哆被英国广播公司评选为 20 世纪最具影响力的科学人物之一。 ", select sb / sth to do sth,He’s the only student in the class that has been selected to take part in the Model United Nations conference. 他是班上唯一被选上参加模拟联合国大会的学生。   ,,,,,,,,,,,,,,,,,,,,,,,,,,,,,,,,,,,,,,,,, adj,[ 正式用语 ] 挑选出的; 精选的,,,,,,,,,,,,,,,,,,,,,,,,,,,,,,,,,,,,,,,,,,,,,,,,,,,,,,,,,,,,,,,,,,,,,,,,,,,,,,,,,,,,,,,,,,,,,,,,,,,,,,select、choose、pick,三者都有‘选择’之意,select 指‘精选’，是从同类的许多事物或人中仔细辨别后选出最适合的 please select a few nice strawberries for your sister .请给你妹妹精选挑选一些好的草莓。 choose 泛指选择，可不带宾语 we offer a wide range of holidays to choose from 。我们有各种旅游度假方式可供选择。 you choose ——i can't decide. 你来选，我决定不了 pick 表示随意挑选，通常所指的事物不会很重大，是不太正式的用词 she picked a piece of cake for herself. 她为自己挑来一块蛋糕。  
selective ,,adj,慎重选择的; 精挑细选的,,,,,,,,,,,,,,,,,,,,,,,,,,,,,,,,,,,,,,,,,,,,,,,,,,,,,,,,,,,,,,,,,,,,,,,,,,,,,,,,,,,,,,,,,,,,,,,,,,,,,,,,,,,,,,,,,,,,,,,,,,,,,,,,,,,,,,,,,,,,,,,,,,,,,,,,,,,
selection, select + -ion（名词后缀）,n ,[U] & [C] 可选之人或物; 选集:,,make a selection 做出选择,,natural selection 自然选择; 物竟天择,,,Selections From Charles Dickens 《狄更斯选集》,,,,,,,,,,,,,,,,,,,,,,,,,,,,,,,,,,,,,,,,,,,,,,,,,,,,,,,,,,,,,,,,,,,,,,,,,,,,,,,,,,,,,,,,,,,,,,,,,,,,,,,,,,,,,,,,,,,,,,,,,,,,,,,,,,,,,,,,,,,,,,,,,,,,
particular ,,adj  ,[只用于名词前 ] 特定的," used to emphasize that you are talking about one person, thing, time, etc. and not about others (specific) : ",,He did not show up on that particular day. 他并没有在那一天露面。,,The giant panda eats only one particular type of bamboo. 大熊猫只吃某一种竹子。,,,,,特别的; 格外的:,,,I have nothing particular to do this evening. 今晚我没有什么特别的事要做。,,We must pay particular attention to this point. 我们必须要特别注意这一点,,,,,讲究的; 挑剔的:,,,a particular customer 挑剔的顾客 ,,She is very particular about / over her appearance. 她很在意自己的外表。 ,,,,,,,,,,,,,,,,,,,,,,,,,,,,,,,,,,,,,,,,,,,,,,,,,,,,,,,,,,,,,,,,,,,,,,,,,,,,,,,,,,,,,,,,,,,,,,,,,,,,,,,,,,,,,,,,,,,,,,,,,,,,,,,,,,
in particular ,,,尤其；特别  ,,,Parents and coaches in particular should act as better examples for children. 父母和教练尤其要给孩子们树立更好的榜样。   ,,Are you doing anything in particular this weekend? 这个周 未你有 什么特别的安排吗?  ,,,,,,,,,,,,,,,,,,,,,,,,,,,,,,,,,,,,,,,,,,,,,,,,,,,,,,,,,,,,,,,,,,,,,,,,,,,,,,,,,,,,,,,,,,,,,,,,,,,,,,,,,,,,,,,,,,,,,,,,,,,,,,,,,,,,,,,,,,,,,,,,,,,,,,
particularly ,particular + -ly（副词后缀）                   ,adv ,特别; 尤其 (especially):,,,"The dictionary is particularly useful for beginners. 这本词典对初学者特别有用。
",,"The micro blog has exploded in popularity in recent years, particularly among young people. 近年来微博大受欢迎，尤其是在年轻人当中。",,,,,,,,,,,,,,,,,,,,,,,,,,,,,,,,,,,,,,,,,,,,,,,,,,,,,,,,,,,,,,,,,,,,,,,,,,,,,,,,,,,,,,,,,,,,,,,,,,,,,,,,,,,,,,,,,,,,,,,,,,,,,,,,,,,,,,,,,,,,,,,,,,,,,,
rainbow ,ain +bow (弓)     ,n, [C] 彩虹,,,Be a rainbow in somebody else's cloud. 成为别人云采里的一道彩虹。 一一马姬. 安林卢,,,,,,,,,,,,,,,,,,,,,,,,,,,,,,,,,,,,,,,,,,,,,,,,,,,,,,,,,,,,,,,,,,,,,,,,,,,,,,,,,,,,,,,,,,,,,,,,,,,,,,,,,,,,,,,,,,,,,,,,,,,,,,,,,,,,,,,,,,,,,,,,,,,,,,,,
neat,,adj, ( 场所 ) 整洁的; 整齐的:,,,He always keeps his desk neat. 他总是保持桌面整洁。,,I arranged all the books in a neat row. 我把所有的书整整齐齐地排好。 ,a very neat woman 装束十  分整洁的女人,,,, [ 非正式用语 ] （AmE）好的; 极好的; 令人愉快的:,,,We had a great time yesterday — it was pretty neat. 我们昨天玩得很愉快，棒极了。,,,,,,,,,,,,,,,,,,,,,,,,,,,,,,,,,,,,,,,,,,,,,,,,,,,,,,,,,,,,,,,,,,,,,,,,,,,,,,,,,,,,,,,,,,,,,,,,,,,,,,,,,,,,,,,,,,,,,,,,,,,,,,,,,,,,,,,,,,,,,,
neatly,,adv,整洁地；整齐地,,,,,,,,,,,,,,,,,,,,,,,,,,,,,,,,,,,,,,,,,,,,,,,,,,,,,,,,,,,,,,,,,,,,,,,,,,,,,,,,,,,,,,,,,,,,,,,,,,,,,,,,,,,,,,,,,,,,,,,,,,,,,,,,,,,,,,,,,,,,,,,,,,,,,,,,,,,
specific ,,adj,[常用于名词前]特有的；特定的 ,(particular):,,"When scanning a text, you read it quickly in order to find a specific piece of information. 浏览一篇文章时，你要快速地阅读以找到特定的信息。
",,The disease seems to be specific to (= only found in) certain types of plant. 这种疾病只有一些特定的植物会得,,,,,明确的; 详细的   , detailed and exact (precise):,a specific goal / answer 明确的目标/答案,"In this article, you need to back up general statements with specific examples, 在这篇文章中，你得用具体的实例来支撑自己的概括性陈述。                                  ",,,,,,,,,,,,,,,,,,,,,,,,,,,,,,,,,,,,,,,,,,,,,,,,,,,,,,,,,,,,,,,,,,,,,,,,,,,,,,,,,,,,,,,,,,,,,,,,,,,,,,,,,,,,,,,,,,,,,,,,,,,,,,,,,,,,,,,,,,,,,,
specifically ,specific + -al+-ly(副词后缀), adv ,特定地;明确地 ,,advertising that specifically targets children 专门针对儿童 的广告,,,,,,,,,,,,,,,,,,,,,,,,,,,,,,,,,,,,,,,,,,,,,,,,,,,,,,,,,,,,,,,,,,,,,,,,,,,,,,,,,,,,,,,,,,,,,,,,,,,,,,,,,,,,,,,,,,,,,,,,,,,,,,,,,,,,,,,,,,,,,,,,,,,,,,,,,
refer ,,vi & vt  ,谈到; 提到, to mention or speak about sb / sth: —> 在演讲、说话时“联系′ 到某人/某物,refer (...) to         ,,,The scientist referred to global warming at least three times in his speech. 那位科学家在演讲中至少3 次提到了全球气候变暖。,,The Pritzker Architecture Prize is often referred to as the Nobel Prize in architecture. 普利兹克建筑奖通常被称为建筑界的诺贝尔奖。,,,查阅; 参考," to look at sth or ask sb for information (consult): => 为获取信息""联系 某物/某人","refer to a dictionary to check the spelling 查一下词典看看拼写是否正确
",,,"While giving the English speech, one is not allowed to refer to the notes. 做英语演讲时，参赛选手不得看讲稿",,,,,指的是 , to describe or be connected to sb /sth: => 描述人或事物的“联系,,"n its broadest sense, comfort food refers to any food that makes us feel better. 从广义上讲，治愈系事物指的是任何能让我们感觉更好的事物。",,,,,,,把……送交给,和专业人士等‘联系’,,"my college said that as the situation was unusual he would refaer tha matter to his editor.
我同事说由于情况非同寻常，他会把这个问题交给他的编辑处理。
",,,,,,,,,,,,,,,,,,,,,,,,,,,,,,,,,,,,,,,,,,,,,,,,,,,,,,,,,,,,,,,,,,,,,,,,,,,,,,,,,,,,,,,,,,,,,,,,,,,,,,,,,,,,,,,,,,,,,,,,,,
reference,refer + -ence (名词后缀),n ,[C]& [U] 提及; 涉及:,,in / with reference to 关于; 根据……而论:,,,"In reference to your question about cost, the tickets for the film are 35 yuan each. 关于你询问的价格，那部电影的票价是每张 35 元。
",,Avoid making any reference to his illness. 千万别提起他的病。,,,[U] 查阅; 参考:,You’d better write down the phone number of that restaurant for future reference. 你最好把那家餐馆的电话号码写下来，以便将来查看。,reference books 参考书,,,,,,,,[C] 推荐信; 推荐人,,,,,,,,,,lc| 参考书目:,,A list of references must be included. 必须包括参考书目。,,,,,,,,,,,,,,,,,,,,,,,,,,,,,,,,,,,,,,,,,,,,,,,,,,,,,,,,,,,,,,,,,,,,,,,,,,,,,,,,,,,,,,,,,,,,,,,,,,,,,,,,,,,,,,,,,,,,,,,,,,,
referee ,,n,[C] 裁判员; 仲裁人,,,,,,,,,,,,,,,,,,,,,,,,,,,,,,,,,,,,,,,,,,,,,,,,,,,,,,,,,,,,,,,,,,,,,,,,,,,,,,,,,,,,,,,,,,,,,,,,,,,,,,,,,,,,,,,,,,,,,,,,,,,,,,,,,,,,,,,,,,,,,,,,,,,,,,,,,,,
journal ,,n, [C]日志; 日记,,keep a journal 记日记   ,,,,,,,, ( 某学科或行业的 ) 期刊; 杂志; 报纸: ,,a scientific / medical journal 科学期刊 /医学杂志  ,,,,,,,,,,,,,,,,,,,,,,,,,,,,,,,,,,,,,,,,,,,,,,,,,,,,,,,,,,,,,,,,,,,,,,,,,,,,,,,,,,,,,,,,,,,,,,,,,,,,,,,,,,,,,,,,,,,,,,,,,,,,,,,,,,,,,,,,,,,,,,,
entry,,n  ,[C] & [U] 进入; 入场; 进入权: , “进入”的动作或权利   ,,No Entry. 禁止入内。 ,,"Thieves had forced an entry into the building. 窃贼闯进了那座大楼
Entry to the museum is free. 这座博物馆免费参观。",,,,,[C] 入口处; 门口:    ,‘进入’某地需要经过的门或通道,,"You can leave your umbrella in the entry. 你可以把伞放在入口处。
",,,,,,,C] 记载; 条目; 项目,“进入′书等需要查看的信息,"a journal / blog entry 日志/博客文章
",,,A pocket dictionary doesn‘t contain enough entries. 袖珍词典没有足够多的词条。,,,,,[C] 参加比赛的人/物: ,’进入‘比赛的人或作品,,This painting is my entry for the art competition. 这幅画是我参加绘画比赛的作品。,,,,,,,,,,,,,,,,,,,,,,,,,,,,,,,,,,,,,,,,,,,,,,,,,,,,,,,,,,,,,,,,,,,,,,,,,,,,,,,,,,,,,,,,,,,,,,,,,,,,,,,,,,,,,,,,,,,,,,,,,,
junior,,adj,[ 只用于名词前 ] 青少年的; 初级的 [反senior|; （四年制大学）三年级（学生）的；,,"a junior school (英国7至11 岁的孩子上的 ) 小学
",,"a junior high school (美国) 初级中学
",,,"She is 4 years junior to me. 她比我小四岁。
",,,,,,,,,,,,,,,,,,,,,,,,,,,,,,,,,,,,,,,,,,,n,[C] 青少年; 职位较低者; ( 四年制大学中 ) 三年级学生,,,,,,,,,,,,,,,,,,,,,,,,,,,,,,,,,,,,,,,,,,,,,,,,,,,,,,,,,,,,,,,,,,,,,,,,,,,,,,,,,,,,,,,,,,,,,,,,,,,,,,,,
Struggle,,vi  ,搏斗; 争斗,  与人’搏斗‘,,Do not struggle with the thief: you may injure yourself in the process. 不可与盗贼相争，在争斗中你可能会伤到自己。  ,,,,,,,艰难地行进, to move somewhere with great difficulty; —» 为到达某地“博斗,struggle through the snowstorm 冒着暴风雪前进                                                                ,,,"Tina struggled up the stairs with a heavy suitcase. 蒂娜吃力地提着沉重的手提箱上了楼。
",,,,,奋斗; 努力 , to try very hard to achieve sth difficult: —>为完成某事’搏斗‘,a struggling artist 苦苦挣扎的艺术家                                                                       ,, struggle with / against:, The teacher found I was struggling with note-taking and told me to stop and just listen. 老师发现我在拼命地记笔记，叫我别记了，停下来听讲。,struggle for / to do sth:,He struggled for the right words to say. 他绞尽脑汁想找个合适的词来表达。,,Many of the families were struggling to make ends meet. 许多家庭都在努力维持生计。,,,,,,,,,,,,,,,,,,,,,n, icl 搏斗; 争斗:,,,He died in a struggle with the attackers. 他在一次与袭击者的搏斗中死亡。,,,,,,,[单数 ] 难事:,,,It was a struggle for her to make him understand. 让他理解对她来说真是件难事。,,,,,,,奋斗; 努力:,,,Never give up without a struggle. 未经努力不要放弃。,,The struggle for freedom was long and hard. 争取自由的斗争是漫长且艰难的。,,,,,,,,,,,,,,,,,,,,,,,,,,,,,,,,,,,,,,,,,,,,,,,,,,,,,,,,,,,,,,,,,,,,,,,,,,,,,,,
thinking,,n,(U] 思想; 思考; 见解,think +-ing (名词后缀）,different ways of thinking 不同的思考方式,,独creative / independent thinking 创造性/立性思维,,,What's your thinking on this question? 你对此事有何见解?                                                     ,,,,,,,,,,,,,,,,,,,,,,,,,,,,,,,,,,,,,,,,,,,,,,,,,,,,,,,,,,,,,,,,,,,,,,,,,,,,,,,,,,,,,,,,,,,,,,,,,,,,,,,,,,,,,,,,,,,,,,,,,,,,,,,,,,,,,,,,,,,,,,,,,,,,
memorise / memorize ,     memory （记忆) +-se （使……)     ,vt; ,  记住；熟记,,, Thinking is a more important ability than note-taking and memorising. 思考是比记笔记和记忆更重要的能力。,,,,,,,,,,,,,,,,,,,,,,,,,,,,,,,,,,,,,,,,,,,,,,,,,,,,,,,,,,,,,,,,,,,,,,,,,,,,,,,,,,,,,,,,,,,,,,,,,,,,,,,,,,,,,,,,,,,,,,,,,,,,,,,,,,,,,,,,,,,,,,,,,,,,,,,,
memorisation / memorization ,,n, [U] 记忆,,,,,,,,,,,,,,,,,,,,,,,,,,,,,,,,,,,,,,,,,,,,,,,,,,,,,,,,,,,,,,,,,,,,,,,,,,,,,,,,,,,,,,,,,,,,,,,,,,,,,,,,,,,,,,,,,,,,,,,,,,,,,,,,,,,,,,,,,,,,,,,,,,,,,,,,,,,
skateboarding,skateboard + -ing (名词后缀),n ,[U] 滑板运动 ,,,,,,,,,,,,,,,,,,,,,,,,,,,,,,,,,,,,,,,,,,,,,,,,,,,,,,,,,,,,,,,,,,,,,,,,,,,,,,,,,,,,,,,,,,,,,,,,,,,,,,,,,,,,,,,,,,,,,,,,,,,,,,,,,,,,,,,,,,,,,,,,,,,,,,,,,,,
skateboard ,skate (v 滑冰) + board (板),n,[c]滑板 ,,,,,,,,,,,,,,,,,,,,,,,,,,,,,,,,,,,,,,,,,,,,,,,,,,vi ,用滑板滑行    ,,,,,,,,,,,,,,,,,,,,,,,,,,,,,,,,,,,,,,,,,,,,,,,,,,,,,,,,,,,,,,,,,,,,,,,,,,,,,,,,,,,,,,,,,,,,,,,,,,,,,,,,
